{
    "id": "ee5203f28877",
    "p_pv": 15.1473,
    "p_grid": 0.0,
    "p_ess": -15.147300148966872,
    "p_vac": 0.0,
    "feasible_ev_charging_power": 0.0,
    "p_ev": {
        "0": 0,
        "1": 0,
        "2": 0,
        "3": 0,
        "4": 0
    },
    "execution_time": 3180.4422085285187
}