{
  "null": {
    "pf_Load": {
      "null": 1
    },
    "PV_Inv_Max_Power": {
      "null": 3500
    },
    "Min_Voltage_Drop": {
      "null": 1.0246457
    },
    "P_Grid_Max_Export_Power": {
      "null": 5000
    },
    "Max_Voltage_Drop": {
      "null": 1.2315135
    },
    "SoC_Value": {
      "null": 0.56
    },
    "ESS_Max_SoC": {
      "null": 0.9
    },
    "ESS_Max_Discharge_Power": {
      "null": 2500
    },
    "ESS_Max_Charge_Power": {
      "null": 2500
    },
    "ESS_Min_SoC": {
      "null": 0.2
    },
    "ESS_Capacity": {
      "null": 3560
    },
    "N": {
      "null": [0]
    },
    "T": {
      "null": [
        0,
        1,
        2,
        3,
        4,
        5,
        6,
        7,
        8,
        9,
        10,
        11,
        12,
        13,
        14,
        15,
        16,
        17,
        18,
        19,
        20,
        21,
        22,
        23
      ]
    },
    "T_SoC": {
      "null": [
        0,
        1,
        2,
        3,
        4,
        5,
        6,
        7,
        8,
        9,
        10,
        11,
        12,
        13,
        14,
        15,
        16,
        17,
        18,
        19,
        20,
        21,
        22,
        23,
        24
      ]
    },
    "dT": {
      "null": 3600
    },
    "P_PV": {
      "0": 0.0,
      "1": 0.0,
      "2": 0.0,
      "3": 0.0,
      "4": 0.0,
      "5": 0.0,
      "6": 0.0,
      "7": 0.0,
      "8": 90.6,
      "9": 205.75,
      "10": 214.91,
      "11": 192.21,
      "12": 199.5,
      "13": 92.27,
      "14": 64.59,
      "15": 0.0,
      "16": 0.0,
      "17": 0.0,
      "18": 0.0,
      "19": 0.0,
      "20": 0.0,
      "21": 0.0,
      "22": 0.0,
      "23": 0.0
    },
    "P_Load": {
      "0": -87.03,
      "1": -85.78,
      "2": -177.38,
      "3": -86.96,
      "4": -216.23,
      "5": -228.12,
      "6": -87.67,
      "7": -169.88,
      "8": -271.25,
      "9": -233.08,
      "10": -234.82,
      "11": -1948.79,
      "12": -367.41,
      "13": -414.51,
      "14": -465.76,
      "15": -373.68,
      "16": -393.37,
      "17": -2988.93,
      "18": -102.69,
      "19": -140.21,
      "20": -103.69,
      "21": -551.11,
      "22": -682.24,
      "23": -202.08
    }
  }
}
